status,model_id,sample_id,video_id,frame_idx,text_type,reference,prediction_full,prediction_crop,iou,detected,load_time_sec,latency_full_sec,latency_crop_sec,vram_peak_gb,ram_delta_gb,cer_strict_full,wer_strict_full,cer_norm_full,wer_norm_full,exact_strict_full,exact_norm_full,cer_strict_crop,wer_strict_crop,cer_norm_crop,wer_norm_crop,exact_strict_crop,exact_norm_crop
OK,paddleocr_v5_mobile,ocr_L29_V001_01,L29_V001,705,static_text,CÀ MAU,CÀMAU,CÀMAU,0.9,True,9.429357699998944,0.0582002000010106,0.0213277000002563,1.2603416442871094,0.0051116943359375,0.1666666666666666,1.0,0.1666666666666666,1.0,False,False,0.1666666666666666,1.0,0.1666666666666666,1.0,False,False
OK,paddleocr_v5_mobile,ocr_L29_V001_02,L29_V001,1200,static_text,PHÁT,LÊ PHAT,PHAT,0.6366874443455031,True,9.429357699998944,0.0600951000014902,0.0119974000008369,1.2603416442871094,0.02130126953125,1.0,2.0,1.0,2.0,False,False,0.25,1.0,0.25,1.0,False,False
OK,paddleocr_v5_mobile,ocr_L29_V001_03,L29_V001,1331,no_text,,,,0.0,False,9.429357699998944,0.0401132000006327,0.0378420999986701,1.2603416442871094,0.0033683776855468,0.0,0.0,0.0,0.0,True,True,0.0,0.0,0.0,0.0,True,True
OK,paddleocr_v5_mobile,ocr_L29_V001_04,L29_V001,4350,no_text,,HTV,HTV Online,0.0062738715277777,True,9.429357699998944,0.0509137000008195,0.0729045000007317,1.2603416442871094,0.0003662109375,1.0,1.0,1.0,1.0,False,False,1.0,1.0,1.0,1.0,False,False
OK,paddleocr_v5_mobile,ocr_L29_V001_05,L29_V001,7492,dynamic_overlay,ĐÔI MẮT MÊ KÔNG,MEKONG,,0.8266826923076923,True,9.429357699998944,0.0475458000000799,0.0123252999983378,1.2603416442871094,1.1444091796875e-05,0.7333333333333333,1.0,0.7333333333333333,1.0,False,False,1.0,1.0,1.0,1.0,False,False
OK,paddleocr_v5_mobile,ocr_L29_V001_06,L29_V001,8850,dynamic_overlay,ĐÔI MẮT MÊ KÔNG,MKONG,MEKNG UXOCMAV,0.910879355297464,True,9.429357699998944,0.051632899998367,0.0145559999982651,1.2603416442871094,3.814697265625e-06,0.7333333333333333,1.0,0.7333333333333333,1.0,False,False,0.9333333333333332,1.0,0.9333333333333332,1.0,False,False
OK,paddleocr_v5_mobile,ocr_L29_V001_07,L29_V001,12188,dynamic_overlay,ĐÔI MẮT,ĐÔI MAT,DÔI MAT,0.7168581718401646,True,9.429357699998944,0.0484336000008625,0.0110642999970878,1.2603416442871094,1.9073486328125e-05,0.1428571428571428,0.5,0.1428571428571428,0.5,False,False,0.2857142857142857,1.0,0.2857142857142857,1.0,False,False
OK,paddleocr_v5_mobile,ocr_L29_V001_08,L29_V001,13050,dynamic_overlay,MÊ KÔNG,MEKONGL,,0.4465495777697589,True,9.429357699998944,0.0538025000023481,0.015392299999803,1.2603416442871094,7.62939453125e-06,0.5714285714285714,1.0,0.5714285714285714,1.0,False,False,1.0,1.0,1.0,1.0,False,False
OK,paddleocr_v5_mobile,ocr_L29_V001_09,L29_V001,16952,no_text,,GTES,,0.0004253472222222,True,9.429357699998944,0.0456668000006175,0.0364104000000224,1.2603416442871094,0.0,1.0,1.0,1.0,1.0,False,False,0.0,0.0,0.0,0.0,True,True
OK,paddleocr_v5_mobile,ocr_L29_V001_10,L29_V001,19934,dynamic_overlay,ĐÔI MẮT,DOIMAT,DOI MAT,0.7194492254733219,True,9.429357699998944,0.0486487000016495,0.0131418000019039,1.2603416442871094,7.62939453125e-06,0.5714285714285714,1.0,0.5714285714285714,1.0,False,False,0.4285714285714285,1.0,0.4285714285714285,1.0,False,False
OK,paddleocr_v5_mobile,ocr_L29_V001_11,L29_V001,22596,dynamic_overlay,ĐÔI MẮT,ĐÔI MAT,ĐI MAT,0.743859649122807,True,9.429357699998944,0.0579835999997158,0.0172616000018024,1.2603416442871094,0.0,0.1428571428571428,0.5,0.1428571428571428,0.5,False,False,0.2857142857142857,1.0,0.2857142857142857,1.0,False,False
OK,paddleocr_v5_mobile,ocr_L29_V001_12,L29_V001,27000,static_text,ĐÀI TRUYỀN HÌNH TP. HỒ CHÍ MINH,ĐI TRUYN HİNH TP. H CHÍ MINH,ĐÀI TRUYN HÌNH TP. H CH MINH,0.9076770818605966,True,9.429357699998944,0.0510153000032005,0.0234366999975463,1.2603416442871094,1.52587890625e-05,0.1290322580645161,0.5714285714285714,0.1666666666666666,0.7142857142857143,False,False,0.0967741935483871,0.4285714285714285,0.1,0.4285714285714285,False,False
OK,paddleocr_v5_mobile,ocr_L29_V004_01,L29_V004,695,static_text,CÀ MAU,CÀ MAU,CÀ MAU,0.7368421052631579,True,9.429357699998944,0.0502364999993005,0.0204365999998117,1.2603416442871094,0.0,0.0,0.0,0.0,0.0,True,True,0.0,0.0,0.0,0.0,True,True
OK,paddleocr_v5_mobile,ocr_L29_V004_02,L29_V004,1215,no_text,,HTV,HTV Online GES3E LÊ PHÁT HOT TC NAM Y,0.0063237847222222,True,9.429357699998944,0.0485377000004518,0.0513651000001118,1.2603416442871094,1.52587890625e-05,1.0,1.0,1.0,1.0,False,False,1.0,1.0,1.0,1.0,False,False
OK,paddleocr_v5_mobile,ocr_L29_V004_03,L29_V004,1335,no_text,,Onine,ATV Online,0.0051953125,True,9.429357699998944,0.0460446000033698,0.0431405999988783,1.2603416442871094,0.0,1.0,1.0,1.0,1.0,False,False,1.0,1.0,1.0,1.0,False,False
OK,paddleocr_v5_mobile,ocr_L29_V004_04,L29_V004,2798,dynamic_overlay,Gác kèo,Gác kèo Ong,Gác kèo,0.4822893481717011,True,9.429357699998944,0.0461332000013499,0.0179086000025563,1.2603416442871094,0.0,0.5714285714285714,0.5,0.5714285714285714,0.5,False,False,0.0,0.0,0.0,0.0,True,True
OK,paddleocr_v5_mobile,ocr_L29_V004_05,L29_V004,6611,dynamic_overlay,ĐÔI MẮT MÊ KÔNG,MEKONG,,0.8387096774193549,True,9.429357699998944,0.0471151000019745,0.0076509999998961,1.2603416442871094,3.814697265625e-06,0.7333333333333333,1.0,0.7333333333333333,1.0,False,False,1.0,1.0,1.0,1.0,False,False
OK,paddleocr_v5_mobile,ocr_L29_V004_06,L29_V004,8505,no_text,,HTV,HTV Online V,0.00583984375,True,9.429357699998944,0.0441054000002623,0.0439905999992333,1.2603416442871094,0.0,1.0,1.0,1.0,1.0,False,False,1.0,1.0,1.0,1.0,False,False
OK,paddleocr_v5_mobile,ocr_L29_V004_07,L29_V004,12184,dynamic_overlay,ĐÔI MẮT MÊ KÔNG,MEKONG,DÔI MAT MEKKON,0.6970343503307019,True,9.429357699998944,0.0480717999998887,0.0208141000002797,1.2603416442871094,3.814697265625e-06,0.7333333333333333,1.0,0.7333333333333333,1.0,False,False,0.4,1.0,0.4,1.0,False,False
OK,paddleocr_v5_mobile,ocr_L29_V004_08,L29_V004,12420,dynamic_overlay,MẮT,DÔI MAT,MAT,0.4254457050243111,True,9.429357699998944,0.0493026000003737,0.0152616000013949,1.2603416442871094,1.9073486328125e-05,1.6666666666666667,2.0,1.6666666666666667,2.0,False,False,0.3333333333333333,1.0,0.3333333333333333,1.0,False,False
OK,paddleocr_v5_mobile,ocr_L29_V004_09,L29_V004,15525,dynamic_overlay,ĐÔI MẮT MÊ KÔNG,MEKONGM,MEKON,0.8412914961346066,True,9.429357699998944,0.0484297000002698,0.0124398999978438,1.2603416442871094,3.814697265625e-06,0.8,1.0,0.8,1.0,False,False,0.8,1.0,0.8,1.0,False,False
OK,paddleocr_v5_mobile,ocr_L29_V004_10,L29_V004,21541,dynamic_overlay,MẮT,DÔI MAT,MAT,0.3888888888888889,True,9.429357699998944,0.0507913000001281,0.0162199000005784,1.2603416442871094,0.0,1.6666666666666667,2.0,1.6666666666666667,2.0,False,False,0.3333333333333333,1.0,0.3333333333333333,1.0,False,False
OK,paddleocr_v5_mobile,ocr_L29_V004_11,L29_V004,22823,no_text,,HTV,HTV Online,0.0051605902777777,True,9.429357699998944,0.0452609000021766,0.0424734999978682,1.2603416442871094,3.814697265625e-06,1.0,1.0,1.0,1.0,False,False,1.0,1.0,1.0,1.0,False,False
OK,paddleocr_v5_mobile,ocr_L29_V004_12,L29_V004,25245,dynamic_overlay,Người gác kèo ong,Ngưi gác kèo Ong  Cà Mau,Ngưòi gác kèo Ong,0.5912520132237009,True,9.429357699998944,0.0594538000004831,0.0310998999993898,1.2603416442871094,0.0105056762695312,0.5882352941176471,1.0,0.4705882352941176,0.75,False,False,0.1176470588235294,0.5,0.0588235294117647,0.25,False,False
OK,paddleocr_v5_mobile,ocr_L29_V008_01,L29_V008,540,static_text,ĐÔI MẮT,ĐÔI MT,ĐÔI MT,0.8098603122432211,True,9.429357699998944,0.0495590999998967,0.0229631000001973,1.2603416442871094,0.0050849914550781,0.1428571428571428,0.5,0.1428571428571428,0.5,False,False,0.1428571428571428,0.5,0.1428571428571428,0.5,False,False
OK,paddleocr_v5_mobile,ocr_L29_V008_02,L29_V008,1328,no_text,,Online,ATV Online,0.0049045138888888,True,9.429357699998944,0.0456498999992618,0.0437849000009009,1.2603416442871094,0.0015068054199218,1.0,1.0,1.0,1.0,False,False,1.0,1.0,1.0,1.0,False,False
OK,paddleocr_v5_mobile,ocr_L29_V008_03,L29_V008,2625,dynamic_overlay,Làng tôm khô Rạch Gốc,Làng tôm khô Rch Gc,Làng tôm khô Rch Gc,0.8973625158541741,True,9.429357699998944,0.0534043999978166,0.0326329999988956,1.2603416442871094,3.0517578125e-05,0.0952380952380952,0.4,0.0952380952380952,0.4,False,False,0.0952380952380952,0.4,0.0952380952380952,0.4,False,False
OK,paddleocr_v5_mobile,ocr_L29_V008_04,L29_V008,5459,static_text,24898,CM98898TS,8898,0.5042865584075429,True,9.429357699998944,0.0533780999976443,0.0210293999989517,1.2603416442871094,1.52587890625e-05,1.2,1.0,1.2,1.0,False,False,0.4,1.0,0.4,1.0,False,False
OK,paddleocr_v5_mobile,ocr_L29_V008_05,L29_V008,8640,static_text,TÀI,TAT,TALL,0.2189872712418302,True,9.429357699998944,0.0498930000030668,0.0192847999969671,1.2603416442871094,3.814697265625e-06,0.6666666666666666,1.0,0.6666666666666666,1.0,False,False,1.0,1.0,1.0,1.0,False,False
OK,paddleocr_v5_mobile,ocr_L29_V008_06,L29_V008,10935,dynamic_overlay,HOÀNG,HOÀNG LAM,HOÀNG,0.5125391642171105,True,9.429357699998944,0.0610368999987258,0.0121480000016163,1.2603416442871094,3.814697265625e-06,0.8,1.0,0.8,1.0,False,False,0.0,0.0,0.0,0.0,True,True
OK,paddleocr_v5_mobile,ocr_L29_V008_07,L29_V008,14310,dynamic_overlay,Làng tôm khô Rạch Gốc,Làng tôm khô Rch Gc,Làng tôm khô Rch Gc,0.7895676691729323,True,9.429357699998944,0.0597229999984847,0.0255710999990697,1.2603416442871094,0.0,0.0952380952380952,0.4,0.0952380952380952,0.4,False,False,0.0952380952380952,0.4,0.0952380952380952,0.4,False,False
OK,paddleocr_v5_mobile,ocr_L29_V008_08,L29_V008,15390,dynamic_overlay,ĐÔI MẮT MÊ KÔNG,DOI MAT,DÔI MÁT MEKONG,0.3066417006278224,True,9.429357699998944,0.058856999999989,0.0222304000017175,1.2603416442871094,1.1444091796875e-05,0.7333333333333333,1.0,0.7333333333333333,1.0,False,False,0.3333333333333333,1.0,0.3333333333333333,1.0,False,False
OK,paddleocr_v5_mobile,ocr_L29_V008_09,L29_V008,17820,dynamic_overlay,CM 28898,CM 98898 TS,CM.98898,0.684251933524628,True,9.429357699998944,0.0522873000008985,0.0191749000005074,1.2603416442871094,0.0,0.5,1.0,0.5,1.0,False,False,0.25,1.0,0.125,0.5,False,False
OK,paddleocr_v5_mobile,ocr_L29_V008_10,L29_V008,21330,dynamic_overlay,ĐÔI MẮT MÊ KÔNG,MEKONGCC,ĐÔIMAT MEKONG,0.6731506849315069,True,9.429357699998944,0.0488267999971867,0.0123934000002918,1.2603416442871094,0.0,0.8666666666666667,1.0,0.8666666666666667,1.0,False,False,0.3333333333333333,1.0,0.3333333333333333,1.0,False,False
OK,paddleocr_v5_mobile,ocr_L29_V008_11,L29_V008,23625,dynamic_overlay,ĐÔI MẮT MÊ KÔNG,EKONG,DÔLMAT MEKONG,0.6599500156201187,True,9.429357699998944,0.0625531000005139,0.013034499999776,1.2603416442871094,0.0,0.8,1.0,0.8,1.0,False,False,0.4666666666666667,1.0,0.4666666666666667,1.0,False,False
OK,paddleocr_v5_mobile,ocr_L29_V008_12,L29_V008,26460,static_text,ĐÀI TRUYỀN HÌNH TP. HỒ CHÍ MINH,ĐÀI TRUYN HİNH TP. H CHÍ MINH,ĐÀI TRUYN HÌNH TP. H CH MINH,0.8580593424218124,True,9.429357699998944,0.0503459999999904,0.014200499997969,1.2603416442871094,0.0,0.0967741935483871,0.4285714285714285,0.1333333333333333,0.5714285714285714,False,False,0.0967741935483871,0.4285714285714285,0.1,0.4285714285714285,False,False
OK,paddleocr_v5_mobile,ocr_L29_V012_01,L29_V012,734,static_text,U MINH HẠ NATIONAL PARK,U MINH HA NATIONAL PARK,U MINH HA NATIONAL PARK,0.9264201296225696,True,9.429357699998944,0.0823042999982135,0.0274291999994602,1.2603416442871094,1.1444091796875e-05,0.0434782608695652,0.2,0.0434782608695652,0.2,False,False,0.0434782608695652,0.2,0.0434782608695652,0.2,False,False
OK,paddleocr_v5_mobile,ocr_L29_V012_02,L29_V012,1215,static_text,FuT,LÊ PRÁT,FRAT,0.552901023890785,True,9.429357699998944,0.0527070999996794,0.0119467999975313,1.2603416442871094,0.0,2.0,2.0,2.0,2.0,False,False,0.6666666666666666,1.0,0.6666666666666666,1.0,False,False
OK,paddleocr_v5_mobile,ocr_L29_V012_03,L29_V012,1285,no_text,,ATV,ATV Oniine,0.005517578125,True,9.429357699998944,0.046739699999307,0.0436331999990216,1.2603416442871094,0.0007667541503906,1.0,1.0,1.0,1.0,False,False,1.0,1.0,1.0,1.0,False,False
OK,paddleocr_v5_mobile,ocr_L29_V012_04,L29_V012,2295,dynamic_overlay,Dẫn chương trình,Dn chưong trinh,Dn chuong trinh,0.9210526315789472,True,9.429357699998944,0.0549302999970677,0.0215021000003616,1.2603416442871094,0.0,0.1875,1.0,0.1875,1.0,False,False,0.25,1.0,0.25,1.0,False,False
OK,paddleocr_v5_mobile,ocr_L29_V012_05,L29_V012,3915,dynamic_overlay,cổng cưới lá dừa,To tác cng cưi lá da,cuói lá dùa -,0.4144979203802733,True,9.429357699998944,0.0493148000023211,0.0202105999997002,1.2603416442871094,1.9073486328125e-05,0.5625,1.25,0.5625,1.25,False,False,0.625,1.0,0.5,0.75,False,False
OK,paddleocr_v5_mobile,ocr_L29_V012_06,L29_V012,6325,dynamic_overlay,ĐÔI MẮT MÊ KÔNG, EKONGG,EKONG UXOCMAV,0.9483126868859462,True,9.429357699998944,0.0490787000017007,0.0115877000025648,1.2603416442871094,0.0,0.8,1.0,0.8666666666666667,1.0,False,False,0.9333333333333332,1.0,0.9333333333333332,1.0,False,False
OK,paddleocr_v5_mobile,ocr_L29_V012_07,L29_V012,9793,dynamic_overlay,MEL,HTV,,0.0,True,9.429357699998944,0.0458923999976832,0.0059962000013911,1.2603416442871094,0.0,1.0,1.0,1.0,1.0,False,False,1.0,1.0,1.0,1.0,False,False
OK,paddleocr_v5_mobile,ocr_L29_V012_08,L29_V012,11205,dynamic_overlay,ĐÔI MẮT MÊ KÔNG,EKONG,EEKONG,0.8686054396142545,True,9.429357699998944,0.0491118999998434,0.0139603999996325,1.2603416442871094,3.814697265625e-06,0.8,1.0,0.8,1.0,False,False,0.8,1.0,0.8,1.0,False,False
OK,paddleocr_v5_mobile,ocr_L29_V012_09,L29_V012,16470,dynamic_overlay,ĐÔI MẮT,ĐÔIMT,DOLMA,0.8457609805924413,True,9.429357699998944,0.0508285999967483,0.0125421999982791,1.2603416442871094,7.62939453125e-06,0.2857142857142857,1.0,0.2857142857142857,1.0,False,False,0.8571428571428571,1.0,0.8571428571428571,1.0,False,False
OK,paddleocr_v5_mobile,ocr_L29_V012_10,L29_V012,19571,dynamic_overlay,ĐÔI MẮT MÊ KÔNG,DOI MAT,MEKKONG DOIMAI,0.1673458299375169,True,9.429357699998944,0.0463034999993396,0.0120154000032925,1.2603416442871094,3.0517578125e-05,0.7333333333333333,1.0,0.7333333333333333,1.0,False,False,0.9333333333333332,1.0,0.9333333333333332,1.0,False,False
OK,paddleocr_v5_mobile,ocr_L29_V012_11,L29_V012,22275,dynamic_overlay,ĐÔI MẮT,ĐI MAT,ĐÔI MT,0.7753378378378378,True,9.429357699998944,0.0592251999987638,0.0139484999999695,1.2603416442871094,3.814697265625e-06,0.2857142857142857,1.0,0.2857142857142857,1.0,False,False,0.1428571428571428,0.5,0.1428571428571428,0.5,False,False
OK,paddleocr_v5_mobile,ocr_L29_V012_12,L29_V012,26325,static_text,TMT Group,TMT Groud,TMT Groud,0.8731582319026265,True,9.429357699998944,0.0649488000017299,0.0125387000007322,1.2603416442871094,2.6702880859375e-05,0.1111111111111111,0.5,0.1111111111111111,0.5,False,False,0.1111111111111111,0.5,0.1111111111111111,0.5,False,False
OK,paddleocr_v5_mobile,ocr_L29_V014_01,L29_V014,540,static_text,ĐÔI MẮT,ĐÔI MT,ĐÔI MT,0.8159191720059142,True,9.429357699998944,0.0489995000025373,0.0118041000023367,1.2603416442871094,0.0,0.1428571428571428,0.5,0.1428571428571428,0.5,False,False,0.1428571428571428,0.5,0.1428571428571428,0.5,False,False
OK,paddleocr_v5_mobile,ocr_L29_V014_02,L29_V014,1329,no_text,,ATV,HTV Qulme,0.005458984375,True,9.429357699998944,0.0456820999970659,0.0467798999998194,1.2603416442871094,2.288818359375e-05,1.0,1.0,1.0,1.0,False,False,1.0,1.0,1.0,1.0,False,False
OK,paddleocr_v5_mobile,ocr_L29_V014_03,L29_V014,2371,dynamic_overlay,xã Nguyễn Phích,Làng nghê dan dát Nguyn Phích,dan dát Nguyên Phích,0.6075949367088608,True,9.429357699998944,0.0515747999997984,0.0254696999982115,1.2603416442871094,0.0,1.2,1.6666666666666667,1.2,1.6666666666666667,False,False,0.5333333333333333,1.0,0.5333333333333333,1.0,False,False
OK,paddleocr_v5_mobile,ocr_L29_V014_04,L29_V014,5535,dynamic_overlay,MẮT,ĐÔI MÁT,MAT,0.499909810975063,True,9.429357699998944,0.0488409999998111,0.0130533999981707,1.2603416442871094,0.0,1.6666666666666667,2.0,1.6666666666666667,2.0,False,False,0.3333333333333333,1.0,0.3333333333333333,1.0,False,False
OK,paddleocr_v5_mobile,ocr_L29_V014_05,L29_V014,6345,dynamic_overlay,ĐÔI MẮT MÊ KÔNG,MEKONG,MEKONG DXOOMAL,0.8206896551724138,True,9.429357699998944,0.0471422999980859,0.0166444999995292,1.2603416442871094,0.0,0.7333333333333333,1.0,0.7333333333333333,1.0,False,False,0.9333333333333332,1.0,0.9333333333333332,1.0,False,False
OK,paddleocr_v5_mobile,ocr_L29_V014_06,L29_V014,8693,dynamic_overlay,ĐÔI MẮT MÊ KÔNG,MEKONG,MEKONG,0.8261325346312243,True,9.429357699998944,0.0494410999999672,0.0113673999985621,1.2603416442871094,3.814697265625e-06,0.7333333333333333,1.0,0.7333333333333333,1.0,False,False,0.7333333333333333,1.0,0.7333333333333333,1.0,False,False
OK,paddleocr_v5_mobile,ocr_L29_V014_07,L29_V014,11205,dynamic_overlay,ĐÔI MẮT MÊ KÔNG,MEKONG,,0.8667450531338547,True,9.429357699998944,0.0492857999997795,0.0068308999980217,1.2603416442871094,0.0,0.7333333333333333,1.0,0.7333333333333333,1.0,False,False,1.0,1.0,1.0,1.0,False,False
OK,paddleocr_v5_mobile,ocr_L29_V014_08,L29_V014,14175,dynamic_overlay,ĐÔI MẮT MÊ KÔNG,MEKONG,MEKONG UXOLMIAVI,0.942054433713784,True,9.429357699998944,0.0496409000006679,0.0141105000002426,1.2603416442871094,3.814697265625e-06,0.7333333333333333,1.0,0.7333333333333333,1.0,False,False,1.0666666666666669,1.0,1.0666666666666669,1.0,False,False
OK,paddleocr_v5_mobile,ocr_L29_V014_09,L29_V014,16026,dynamic_overlay,ĐÔI MẮT MÊ KÔNG,MEKONC,DOIMAT EKONG,0.7558428642466435,True,9.429357699998944,0.0533930999990843,0.0175356999970972,1.2603416442871094,3.814697265625e-06,0.8,1.0,0.8,1.0,False,False,0.5333333333333333,1.0,0.5333333333333333,1.0,False,False
OK,paddleocr_v5_mobile,ocr_L29_V014_10,L29_V014,19305,dynamic_overlay,ĐÔI MẮT,DOI MAT.,DÔI MAT,0.753968253968254,True,9.429357699998944,0.048979799998051,0.0134056999995664,1.2603416442871094,0.0,0.5714285714285714,1.0,0.4285714285714285,1.0,False,False,0.2857142857142857,1.0,0.2857142857142857,1.0,False,False
OK,paddleocr_v5_mobile,ocr_L29_V014_11,L29_V014,22680,dynamic_overlay,ĐÔI MẮT MÊ KÔNG,MEKONG,MEKONG,0.9180411063181934,True,9.429357699998944,0.0493682000014814,0.0118258000002242,1.2603416442871094,0.0,0.7333333333333333,1.0,0.7333333333333333,1.0,False,False,0.7333333333333333,1.0,0.7333333333333333,1.0,False,False
OK,paddleocr_v5_mobile,ocr_L29_V014_12,L29_V014,25515,static_text,Hoài Nam,Hoài Nam,Hoai Nam,0.9336470588235294,True,9.429357699998944,0.065431000002718,0.0181745000008959,1.2603416442871094,1.1444091796875e-05,0.0,0.0,0.0,0.0,True,True,0.125,0.5,0.125,0.5,False,False
OK,easyocr_det_vietocr,ocr_L29_V001_01,L29_V001,705,static_text,CÀ MAU,CÀ MAU,CÀ MAU,0.9333333333333332,True,5.352880300000834,0.3080312000020058,0.0427563000012014,0.753654956817627,0.0091705322265625,0.0,0.0,0.0,0.0,True,True,0.0,0.0,0.0,0.0,True,True
OK,easyocr_det_vietocr,ocr_L29_V001_02,L29_V001,1200,static_text,PHÁT,PHÁT,PHÁT,1.0,True,5.352880300000834,0.4871234000020195,0.0287031999978353,0.753654956817627,0.0011024475097656,0.0,0.0,0.0,0.0,True,True,0.0,0.0,0.0,0.0,True,True
OK,easyocr_det_vietocr,ocr_L29_V001_03,L29_V001,1331,no_text,,,1,0.0,False,5.352880300000834,0.1551669000000402,0.0211257000009936,0.753654956817627,0.0095596313476562,0.0,0.0,0.0,0.0,True,True,1.0,1.0,1.0,1.0,False,False
OK,easyocr_det_vietocr,ocr_L29_V001_04,L29_V001,4350,no_text,,HTV,1,0.0052864583333333,True,5.352880300000834,0.2443168999998306,0.0235635000026377,0.753654956817627,3.4332275390625e-05,1.0,1.0,1.0,1.0,False,False,1.0,1.0,1.0,1.0,False,False
OK,easyocr_det_vietocr,ocr_L29_V001_05,L29_V001,7492,dynamic_overlay,ĐÔI MẮT MÊ KÔNG,MFKONG,MFIKONG,0.9093072448439978,True,5.352880300000834,0.2966377000011562,0.0423657999999704,0.753654956817627,0.0009117126464843,0.7333333333333333,1.0,0.7333333333333333,1.0,False,False,0.7333333333333333,1.0,0.7333333333333333,1.0,False,False
OK,easyocr_det_vietocr,ocr_L29_V001_06,L29_V001,8850,dynamic_overlay,ĐÔI MẮT MÊ KÔNG,MEKONG,MIEKING,0.9798900235663788,True,5.352880300000834,0.3372701000007509,0.0427584999997634,0.753654956817627,0.0018501281738281,0.7333333333333333,1.0,0.7333333333333333,1.0,False,False,0.7333333333333333,1.0,0.7333333333333333,1.0,False,False
OK,easyocr_det_vietocr,ocr_L29_V001_07,L29_V001,12188,dynamic_overlay,ĐÔI MẮT,ĐỘI MÁT,ĐỘI MÁT,0.8527131782945736,True,5.352880300000834,0.3465361000016855,0.0423108999966643,0.753654956817627,0.0001487731933593,0.2857142857142857,1.0,0.2857142857142857,1.0,False,False,0.2857142857142857,1.0,0.2857142857142857,1.0,False,False
OK,easyocr_det_vietocr,ocr_L29_V001_08,L29_V001,13050,dynamic_overlay,MÊ KÔNG,MERONG,RONG,0.6343833368718553,True,5.352880300000834,0.3309100000005855,0.0285370000019611,0.753654956817627,0.0,0.5714285714285714,1.0,0.5714285714285714,1.0,False,False,0.7142857142857143,1.0,0.7142857142857143,1.0,False,False
OK,easyocr_det_vietocr,ocr_L29_V001_09,L29_V001,16952,no_text,,HIV,Con,0.0045355902777777,True,5.352880300000834,0.2016277000002446,0.031342999998742,0.753654956817627,0.0019798278808593,1.0,1.0,1.0,1.0,False,False,1.0,1.0,1.0,1.0,False,False
OK,easyocr_det_vietocr,ocr_L29_V001_10,L29_V001,19934,dynamic_overlay,ĐÔI MẮT,ĐỘI MẤT,ĐỘI MÁT,0.935374149659864,True,5.352880300000834,0.3713157999991381,0.0486567000007198,0.753654956817627,0.001861572265625,0.2857142857142857,1.0,0.2857142857142857,1.0,False,False,0.2857142857142857,1.0,0.2857142857142857,1.0,False,False
OK,easyocr_det_vietocr,ocr_L29_V001_11,L29_V001,22596,dynamic_overlay,ĐÔI MẮT,ĐÔI MAT,ĐÔI MAT,1.0,True,5.352880300000834,0.3431414999977278,0.0405728999976418,0.753654956817627,0.0001411437988281,0.1428571428571428,0.5,0.1428571428571428,0.5,False,False,0.1428571428571428,0.5,0.1428571428571428,0.5,False,False
OK,easyocr_det_vietocr,ocr_L29_V001_12,L29_V001,27000,static_text,ĐÀI TRUYỀN HÌNH TP. HỒ CHÍ MINH,ĐÀI TRUYỀN HÌNH TP. HỒ CHÍ MINH,ĐÀI TRUYỀN HÌNH TP. HỒ CHÍ MINH,0.9968847352024922,True,5.352880300000834,0.4593213999978616,0.1641866000027221,0.753654956817627,3.0517578125e-05,0.0,0.0,0.0,0.0,True,True,0.0,0.0,0.0,0.0,True,True
OK,easyocr_det_vietocr,ocr_L29_V004_01,L29_V004,695,static_text,CÀ MAU,CÀ MÁU,CÀ MÁU,1.0,True,5.352880300000834,0.3128462999993644,0.0371751000020594,0.753654956817627,0.0031967163085937,0.1666666666666666,0.5,0.1666666666666666,0.5,False,False,0.1666666666666666,0.5,0.1666666666666666,0.5,False,False
OK,easyocr_det_vietocr,ocr_L29_V004_02,L29_V004,1215,no_text,,HTV,1,0.0056510416666666,True,5.352880300000834,0.3802622000002884,0.0213255999988177,0.753654956817627,0.0,1.0,1.0,1.0,1.0,False,False,1.0,1.0,1.0,1.0,False,False
OK,easyocr_det_vietocr,ocr_L29_V004_03,L29_V004,1335,no_text,,Online,N,0.004453125,True,5.352880300000834,0.2041639999988547,0.0219418999986373,0.753654956817627,0.0010643005371093,1.0,1.0,1.0,1.0,False,False,1.0,1.0,1.0,1.0,False,False
OK,easyocr_det_vietocr,ocr_L29_V004_04,L29_V004,2798,dynamic_overlay,Gác kèo,Gác kèo Ống,Gác kèo,0.5269960391911611,True,5.352880300000834,0.3479615999967791,0.0485478000009607,0.753654956817627,0.0,0.5714285714285714,0.5,0.5714285714285714,0.5,False,False,0.0,0.0,0.0,0.0,True,True
OK,easyocr_det_vietocr,ocr_L29_V004_05,L29_V004,6611,dynamic_overlay,ĐÔI MẮT MÊ KÔNG,MEKONG,MEKONG,0.8838015955601803,True,5.352880300000834,0.3465732000004209,0.0366560000002209,0.753654956817627,0.0026435852050781,0.7333333333333333,1.0,0.7333333333333333,1.0,False,False,0.7333333333333333,1.0,0.7333333333333333,1.0,False,False
OK,easyocr_det_vietocr,ocr_L29_V004_06,L29_V004,8505,no_text,,HTV,13,0.0053776041666666,True,5.352880300000834,0.2375485000011394,0.0268149000003177,0.753654956817627,3.814697265625e-06,1.0,1.0,1.0,1.0,False,False,1.0,1.0,1.0,1.0,False,False
OK,easyocr_det_vietocr,ocr_L29_V004_07,L29_V004,12184,dynamic_overlay,ĐÔI MẮT MÊ KÔNG,MERONE,MERONCY,0.826479340455632,True,5.352880300000834,0.3009179000000586,0.0426305000000866,0.753654956817627,0.0,0.8666666666666667,1.0,0.8666666666666667,1.0,False,False,0.9333333333333332,1.0,0.9333333333333332,1.0,False,False
OK,easyocr_det_vietocr,ocr_L29_V004_08,L29_V004,12420,dynamic_overlay,MẮT,MÁT,MAT,0.9157894736842104,True,5.352880300000834,0.3184389999987616,0.027075899997726,0.753654956817627,0.0005531311035156,0.3333333333333333,1.0,0.3333333333333333,1.0,False,False,0.3333333333333333,1.0,0.3333333333333333,1.0,False,False
OK,easyocr_det_vietocr,ocr_L29_V004_09,L29_V004,15525,dynamic_overlay,ĐÔI MẮT MÊ KÔNG,MEKONG,MEKONG,0.9651153508421808,True,5.352880300000834,0.3334839999988617,0.0381586000003153,0.753654956817627,0.0019111633300781,0.7333333333333333,1.0,0.7333333333333333,1.0,False,False,0.7333333333333333,1.0,0.7333333333333333,1.0,False,False
OK,easyocr_det_vietocr,ocr_L29_V004_10,L29_V004,21541,dynamic_overlay,MẮT,ĐỐI MÁT,MÁT,0.469601677148847,True,5.352880300000834,0.3328199999996286,0.0223021999991033,0.753654956817627,1.1444091796875e-05,1.6666666666666667,2.0,1.6666666666666667,2.0,False,False,0.3333333333333333,1.0,0.3333333333333333,1.0,False,False
OK,easyocr_det_vietocr,ocr_L29_V004_11,L29_V004,22823,no_text,,HTV,L,0.0053776041666666,True,5.352880300000834,0.2451106000007712,0.0230268000013893,0.753654956817627,3.814697265625e-06,1.0,1.0,1.0,1.0,False,False,1.0,1.0,1.0,1.0,False,False
OK,easyocr_det_vietocr,ocr_L29_V004_12,L29_V004,25245,dynamic_overlay,Người gác kèo ong,Người gác keo Ông,Người gác keo Ông,1.0,True,5.352880300000834,0.5219292000001587,0.0911780000024009,0.753654956817627,0.0,0.1176470588235294,0.5,0.1176470588235294,0.5,False,False,0.1176470588235294,0.5,0.1176470588235294,0.5,False,False
OK,easyocr_det_vietocr,ocr_L29_V008_01,L29_V008,540,static_text,ĐÔI MẮT,ĐÔI MÁT,ĐÔI MÁT,0.9521206989454236,True,5.352880300000834,0.3451716000017768,0.0433015000016894,0.753654956817627,0.0032806396484375,0.1428571428571428,0.5,0.1428571428571428,0.5,False,False,0.1428571428571428,0.5,0.1428571428571428,0.5,False,False
OK,easyocr_det_vietocr,ocr_L29_V008_02,L29_V008,1328,no_text,,RTV,Construction,0.0051128472222222,True,5.352880300000834,0.2379867999989073,0.0753215000004274,0.753654956817627,0.0014305114746093,1.0,1.0,1.0,1.0,False,False,1.0,1.0,1.0,1.0,False,False
OK,easyocr_det_vietocr,ocr_L29_V008_03,L29_V008,2625,dynamic_overlay,Làng tôm khô Rạch Gốc,Lang tôm khô Rạch Gốc,Lang tôm khô Rạch Gốc,0.9644823418826372,True,5.352880300000834,0.37534709999818,0.1156130999988818,0.753654956817627,0.0,0.0476190476190476,0.2,0.0476190476190476,0.2,False,False,0.0476190476190476,0.2,0.0476190476190476,0.2,False,False
OK,easyocr_det_vietocr,ocr_L29_V008_04,L29_V008,5459,static_text,24898,ONSOSIS,05898,0.6704612309847463,True,5.352880300000834,0.3322575999991386,0.0370101000007707,0.753654956817627,0.0021286010742187,1.4,1.0,1.4,1.0,False,False,0.4,1.0,0.4,1.0,False,False
OK,easyocr_det_vietocr,ocr_L29_V008_05,L29_V008,8640,static_text,TÀI,03000000099,0300000099,0.9739956131298424,True,5.352880300000834,0.6298363999994763,0.0590359999987413,0.753654956817627,3.814697265625e-06,3.6666666666666665,1.0,3.6666666666666665,1.0,False,False,3.333333333333333,1.0,3.333333333333333,1.0,False,False
OK,easyocr_det_vietocr,ocr_L29_V008_06,L29_V008,10935,dynamic_overlay,HOÀNG,HOÀNG,HOÀNG,0.9338931907313534,True,5.352880300000834,0.6247946999974374,0.0344702000002143,0.753654956817627,0.0007476806640625,0.0,0.0,0.0,0.0,True,True,0.0,0.0,0.0,0.0,True,True
OK,easyocr_det_vietocr,ocr_L29_V008_07,L29_V008,14310,dynamic_overlay,Làng tôm khô Rạch Gốc,Làng tôm khô Rạch Gốc,Làng tôm khô Rạch Gốc,1.0,True,5.352880300000834,0.5226245000012568,0.1080469999978959,0.753654956817627,0.0,0.0,0.0,0.0,0.0,True,True,0.0,0.0,0.0,0.0,True,True
OK,easyocr_det_vietocr,ocr_L29_V008_08,L29_V008,15390,dynamic_overlay,ĐÔI MẮT MÊ KÔNG,MERONE,MERONE,1.0,True,5.352880300000834,0.4407967000006465,0.0729480000009061,0.753654956817627,0.002166748046875,0.8666666666666667,1.0,0.8666666666666667,1.0,False,False,0.8666666666666667,1.0,0.8666666666666667,1.0,False,False
OK,easyocr_det_vietocr,ocr_L29_V008_09,L29_V008,17820,dynamic_overlay,CM 28898,CMERSOS,CMERSOS,0.9913151252010556,True,5.352880300000834,0.3149645999983477,0.0473553000010724,0.753654956817627,0.000732421875,0.75,1.0,0.75,1.0,False,False,0.75,1.0,0.75,1.0,False,False
OK,easyocr_det_vietocr,ocr_L29_V008_10,L29_V008,21330,dynamic_overlay,ĐÔI MẮT MÊ KÔNG,MEKING,CORONS,0.6981214504150284,True,5.352880300000834,0.3339827999989211,0.0383622000008472,0.753654956817627,0.0008125305175781,0.7333333333333333,1.0,0.7333333333333333,1.0,False,False,0.9333333333333332,1.0,0.9333333333333332,1.0,False,False
OK,easyocr_det_vietocr,ocr_L29_V008_11,L29_V008,23625,dynamic_overlay,ĐÔI MẮT MÊ KÔNG,MERONS,MERONS,1.0,True,5.352880300000834,0.2934176999988267,0.0375954000010096,0.753654956817627,8.0108642578125e-05,0.8666666666666667,1.0,0.8666666666666667,1.0,False,False,0.8666666666666667,1.0,0.8666666666666667,1.0,False,False
OK,easyocr_det_vietocr,ocr_L29_V008_12,L29_V008,26460,static_text,ĐÀI TRUYỀN HÌNH TP. HỒ CHÍ MINH,ĐÀI TRUYỀN HÌNH TP. HỒ CHÍ MINH,ĐÀI TRUYỀN HÌNH TP. HỒ CHÍ MINH,0.9586578789694428,True,5.352880300000834,0.4940529000014066,0.1546249999992142,0.753654956817627,4.57763671875e-05,0.0,0.0,0.0,0.0,True,True,0.0,0.0,0.0,0.0,True,True
OK,easyocr_det_vietocr,ocr_L29_V012_01,L29_V012,734,static_text,U MINH HẠ NATIONAL PARK,U MINH HA NATIONAL PARK,U MINH HA NATIONAL PARK,0.9317484662576688,True,5.352880300000834,1.2436253000014403,0.1320219000008364,0.753654956817627,0.0003471374511718,0.0434782608695652,0.2,0.0434782608695652,0.2,False,False,0.0434782608695652,0.2,0.0434782608695652,0.2,False,False
OK,easyocr_det_vietocr,ocr_L29_V012_02,L29_V012,1215,static_text,FuT,FHÁT,FHÁT,1.0,True,5.352880300000834,0.3718841000008979,0.0300984999994398,0.753654956817627,0.0022048950195312,0.6666666666666666,1.0,0.6666666666666666,1.0,False,False,0.6666666666666666,1.0,0.6666666666666666,1.0,False,False
OK,easyocr_det_vietocr,ocr_L29_V012_03,L29_V012,1285,no_text,,Online,PAT,0.00482421875,True,5.352880300000834,0.2455240999988746,0.0346243999993021,0.753654956817627,0.0010566711425781,1.0,1.0,1.0,1.0,False,False,1.0,1.0,1.0,1.0,False,False
OK,easyocr_det_vietocr,ocr_L29_V012_04,L29_V012,2295,dynamic_overlay,Dẫn chương trình,Dẫn chương trình,Dẫn chương trình,1.0,True,5.352880300000834,0.4668407999997725,0.0867049000007682,0.753654956817627,4.9591064453125e-05,0.0,0.0,0.0,0.0,True,True,0.0,0.0,0.0,0.0,True,True
OK,easyocr_det_vietocr,ocr_L29_V012_05,L29_V012,3915,dynamic_overlay,cổng cưới lá dừa,cưới lá dừa,cưới lá dừa,1.0,True,5.352880300000834,0.4130953999992925,0.0624953000005916,0.753654956817627,0.0001411437988281,0.3125,0.25,0.3125,0.25,False,False,0.3125,0.25,0.3125,0.25,False,False
OK,easyocr_det_vietocr,ocr_L29_V012_06,L29_V012,6325,dynamic_overlay,ĐÔI MẮT MÊ KÔNG,MEKONG,MEKONG,0.9465515738076554,True,5.352880300000834,0.3358256999999867,0.0456586000000243,0.753654956817627,0.0012092590332031,0.7333333333333333,1.0,0.7333333333333333,1.0,False,False,0.7333333333333333,1.0,0.7333333333333333,1.0,False,False
OK,easyocr_det_vietocr,ocr_L29_V012_07,L29_V012,9793,dynamic_overlay,MEL,ME,ME,0.956125485769973,True,5.352880300000834,0.3490568999986863,0.020036699999764,0.753654956817627,0.0014457702636718,0.3333333333333333,1.0,0.3333333333333333,1.0,False,False,0.3333333333333333,1.0,0.3333333333333333,1.0,False,False
OK,easyocr_det_vietocr,ocr_L29_V012_08,L29_V012,11205,dynamic_overlay,ĐÔI MẮT MÊ KÔNG,MEKONG,MEKONG,0.9895287958115184,True,5.352880300000834,0.3324596000020392,0.0377809000019624,0.753654956817627,0.0,0.7333333333333333,1.0,0.7333333333333333,1.0,False,False,0.7333333333333333,1.0,0.7333333333333333,1.0,False,False
OK,easyocr_det_vietocr,ocr_L29_V012_09,L29_V012,16470,dynamic_overlay,ĐÔI MẮT,ĐÔI MÁT,ĐÔI MÁT,0.8721649484536083,True,5.352880300000834,0.3484157999992021,0.0429623999989416,0.753654956817627,0.0,0.1428571428571428,0.5,0.1428571428571428,0.5,False,False,0.1428571428571428,0.5,0.1428571428571428,0.5,False,False
OK,easyocr_det_vietocr,ocr_L29_V012_10,L29_V012,19571,dynamic_overlay,ĐÔI MẮT MÊ KÔNG,MEKONG,MEKONG,0.964988885360432,True,5.352880300000834,0.326691899997968,0.0389058000000659,0.753654956817627,0.0,0.7333333333333333,1.0,0.7333333333333333,1.0,False,False,0.7333333333333333,1.0,0.7333333333333333,1.0,False,False
OK,easyocr_det_vietocr,ocr_L29_V012_11,L29_V012,22275,dynamic_overlay,ĐÔI MẮT,ĐỘI MÁT,ĐỘI MÁT,1.0,True,5.352880300000834,0.4711580000002868,0.0442698000006203,0.753654956817627,0.0,0.2857142857142857,1.0,0.2857142857142857,1.0,False,False,0.2857142857142857,1.0,0.2857142857142857,1.0,False,False
OK,easyocr_det_vietocr,ocr_L29_V012_12,L29_V012,26325,static_text,TMT Group,TMT Groud,TMT Groud,1.0,True,5.352880300000834,0.940109900002426,0.050501499998063,0.753654956817627,0.0010490417480468,0.1111111111111111,0.5,0.1111111111111111,0.5,False,False,0.1111111111111111,0.5,0.1111111111111111,0.5,False,False
OK,easyocr_det_vietocr,ocr_L29_V014_01,L29_V014,540,static_text,ĐÔI MẮT,ĐÔI MÁT,DÒI MÁT,0.9523582203551652,True,5.352880300000834,0.3373342999984743,0.0501776999990397,0.753654956817627,0.0020408630371093,0.1428571428571428,0.5,0.1428571428571428,0.5,False,False,0.4285714285714285,1.0,0.4285714285714285,1.0,False,False
OK,easyocr_det_vietocr,ocr_L29_V014_02,L29_V014,1329,no_text,,,Consides,0.0,False,5.352880300000834,0.1579717000022356,0.0564880999991146,0.753654956817627,0.00054931640625,0.0,0.0,0.0,0.0,True,True,1.0,1.0,1.0,1.0,False,False
OK,easyocr_det_vietocr,ocr_L29_V014_03,L29_V014,2371,dynamic_overlay,xã Nguyễn Phích,đan đát Nguyên Phích,đan đát Nguyên Phích,0.95301727201649,True,5.352880300000834,0.4627246000018203,0.1130943999996816,0.753654956817627,0.0,0.5333333333333333,1.0,0.5333333333333333,1.0,False,False,0.5333333333333333,1.0,0.5333333333333333,1.0,False,False
OK,easyocr_det_vietocr,ocr_L29_V014_04,L29_V014,5535,dynamic_overlay,MẮT,ĐỘI MÁT,MÁT,0.5512377526858071,True,5.352880300000834,0.3423425000000861,0.0310408999976061,0.753654956817627,0.0012359619140625,1.6666666666666667,2.0,1.6666666666666667,2.0,False,False,0.3333333333333333,1.0,0.3333333333333333,1.0,False,False
OK,easyocr_det_vietocr,ocr_L29_V014_05,L29_V014,6345,dynamic_overlay,ĐÔI MẮT MÊ KÔNG,MIFKONG,MEKONG,0.8932245737801293,True,5.352880300000834,0.3706296000018483,0.0402556000008189,0.753654956817627,0.0008049011230468,0.7333333333333333,1.0,0.7333333333333333,1.0,False,False,0.7333333333333333,1.0,0.7333333333333333,1.0,False,False
OK,easyocr_det_vietocr,ocr_L29_V014_06,L29_V014,8693,dynamic_overlay,ĐÔI MẮT MÊ KÔNG,MEKONG,MEKONG,0.9946524064171124,True,5.352880300000834,0.3527795000009064,0.0411589999966963,0.753654956817627,0.0,0.7333333333333333,1.0,0.7333333333333333,1.0,False,False,0.7333333333333333,1.0,0.7333333333333333,1.0,False,False
OK,easyocr_det_vietocr,ocr_L29_V014_07,L29_V014,11205,dynamic_overlay,ĐÔI MẮT MÊ KÔNG,MERONG,MERONG,0.9942975294901638,True,5.352880300000834,0.3394557999999961,0.0369782999987364,0.753654956817627,0.0001487731933593,0.8,1.0,0.8,1.0,False,False,0.8,1.0,0.8,1.0,False,False
OK,easyocr_det_vietocr,ocr_L29_V014_08,L29_V014,14175,dynamic_overlay,ĐÔI MẮT MÊ KÔNG,MEKONG,MEKONG,0.9625390218522372,True,5.352880300000834,0.3474558000016259,0.0372839000010571,0.753654956817627,0.00079345703125,0.7333333333333333,1.0,0.7333333333333333,1.0,False,False,0.7333333333333333,1.0,0.7333333333333333,1.0,False,False
OK,easyocr_det_vietocr,ocr_L29_V014_09,L29_V014,16026,dynamic_overlay,ĐÔI MẮT MÊ KÔNG,MIRRONE,MERONG,0.9466795928259816,True,5.352880300000834,0.2885857000001124,0.0387220000011439,0.753654956817627,3.814697265625e-06,0.8666666666666667,1.0,0.8666666666666667,1.0,False,False,0.8,1.0,0.8,1.0,False,False
OK,easyocr_det_vietocr,ocr_L29_V014_10,L29_V014,19305,dynamic_overlay,ĐÔI MẮT,ĐỘI MẤT,ĐỘI MÁT,0.935374149659864,True,5.352880300000834,0.3372746999993978,0.0485105000007024,0.753654956817627,0.0018310546875,0.2857142857142857,1.0,0.2857142857142857,1.0,False,False,0.2857142857142857,1.0,0.2857142857142857,1.0,False,False
OK,easyocr_det_vietocr,ocr_L29_V014_11,L29_V014,22680,dynamic_overlay,ĐÔI MẮT MÊ KÔNG,MEKONGY,MEKONGY,1.0,True,5.352880300000834,0.3361836000003677,0.0459349999982805,0.753654956817627,2.288818359375e-05,0.8,1.0,0.8,1.0,False,False,0.8,1.0,0.8,1.0,False,False
OK,easyocr_det_vietocr,ocr_L29_V014_12,L29_V014,25515,static_text,Hoài Nam,Hoài Nam,Hoài Nam,0.9375,True,5.352880300000834,0.9302625000018452,0.0521765000012237,0.753654956817627,0.0,0.0,0.0,0.0,0.0,True,True,0.0,0.0,0.0,0.0,True,True
OK,easyocr_vi_en,ocr_L29_V001_01,L29_V001,705,static_text,CÀ MAU,CÀMAU,CÀMAU,0.9333333333333332,True,3.986056000001554,0.1950587999999697,0.0294776999980967,0.6111483573913574,0.0067901611328125,0.1666666666666666,1.0,0.1666666666666666,1.0,False,False,0.1666666666666666,1.0,0.1666666666666666,1.0,False,False
OK,easyocr_vi_en,ocr_L29_V001_02,L29_V001,1200,static_text,PHÁT,PhAT,PhAT,1.0,True,3.986056000001554,0.214715599999181,0.0118533999993815,0.6111483573913574,0.0005912780761718,0.5,1.0,0.25,1.0,False,False,0.5,1.0,0.25,1.0,False,False
OK,easyocr_vi_en,ocr_L29_V001_03,L29_V001,1331,no_text,,,,0.0,False,3.986056000001554,0.1493928000018058,0.1437341999990167,0.6111483573913574,0.0015373229980468,0.0,0.0,0.0,0.0,True,True,0.0,0.0,0.0,0.0,True,True
OK,easyocr_vi_en,ocr_L29_V001_04,L29_V001,4350,no_text,,kLv,kLv Online,0.0052864583333333,True,3.986056000001554,0.1875607000001764,0.1681739000014204,0.6111483573913574,0.0009422302246093,1.0,1.0,1.0,1.0,False,False,1.0,1.0,1.0,1.0,False,False
OK,easyocr_vi_en,ocr_L29_V001_05,L29_V001,7492,dynamic_overlay,ĐÔI MẮT MÊ KÔNG,MÉkon@,Uuuin MÉKono,0.9093072448439978,True,3.986056000001554,0.1825595000009343,0.0534195000000181,0.6111483573913574,9.1552734375e-05,0.9333333333333332,1.0,0.8,1.0,False,False,0.8,1.0,0.7333333333333333,1.0,False,False
OK,easyocr_vi_en,ocr_L29_V001_06,L29_V001,8850,dynamic_overlay,ĐÔI MẮT MÊ KÔNG,MÉkono,Uu NAVI MÉkoNG,0.9798900235663788,True,3.986056000001554,0.1908019000002241,0.0416107999990345,0.6111483573913574,2.288818359375e-05,0.9333333333333332,1.0,0.8,1.0,False,False,0.7333333333333333,1.0,0.6666666666666666,1.0,False,False
OK,easyocr_vi_en,ocr_L29_V001_07,L29_V001,12188,dynamic_overlay,ĐÔI MẮT,@ỔIMAT,@ỔIMAT,0.8527131782945736,True,3.986056000001554,0.19239319999906,0.0274849999987054,0.6111483573913574,0.0004768371582031,0.5714285714285714,1.0,0.5714285714285714,1.0,False,False,0.5714285714285714,1.0,0.5714285714285714,1.0,False,False
OK,easyocr_vi_en,ocr_L29_V001_08,L29_V001,13050,dynamic_overlay,MÊ KÔNG,MÉkojo,koxa Juie,0.6343833368718553,True,3.986056000001554,0.1862548000026436,0.0401005999992776,0.6111483573913574,0.0001335144042968,0.8571428571428571,1.0,0.7142857142857143,1.0,False,False,1.1428571428571428,1.0,1.1428571428571428,1.0,False,False
OK,easyocr_vi_en,ocr_L29_V001_09,L29_V001,16952,no_text,,ALIV,HLIV,0.0045355902777777,True,3.986056000001554,0.1660477000004903,0.1583681000010983,0.6111483573913574,0.0028839111328125,1.0,1.0,1.0,1.0,False,False,1.0,1.0,1.0,1.0,False,False
OK,easyocr_vi_en,ocr_L29_V001_10,L29_V001,19934,dynamic_overlay,ĐÔI MẮT,Dội MAT,Đ01 MAT,0.935374149659864,True,3.986056000001554,0.1801350999994611,0.0178890999995928,0.6111483573913574,7.62939453125e-06,0.5714285714285714,1.0,0.4285714285714285,1.0,False,False,0.4285714285714285,1.0,0.4285714285714285,1.0,False,False
OK,easyocr_vi_en,ocr_L29_V001_11,L29_V001,22596,dynamic_overlay,ĐÔI MẮT,ĐÒI MATI,ĐÒI MATI,1.0,True,3.986056000001554,0.1816565999979502,0.0117140000002109,0.6111483573913574,1.9073486328125e-05,0.4285714285714285,1.0,0.4285714285714285,1.0,False,False,0.4285714285714285,1.0,0.4285714285714285,1.0,False,False
OK,easyocr_vi_en,ocr_L29_V001_12,L29_V001,27000,static_text,ĐÀI TRUYỀN HÌNH TP. HỒ CHÍ MINH,{ÀI TRUYÊN HHINH TP  HỔ CHI MINH,{ÀI TRUYÊN HHINH TP  HỔ CHI MINH,0.9968847352024922,True,3.986056000001554,0.2013644999969983,0.0382634000015968,0.6111483573913574,0.0004425048828125,0.2258064516129032,0.8571428571428571,0.2,0.7142857142857143,False,False,0.2258064516129032,0.8571428571428571,0.2,0.7142857142857143,False,False
OK,easyocr_vi_en,ocr_L29_V004_01,L29_V004,695,static_text,CÀ MAU,Ca Mau,Ca Mau,1.0,True,3.986056000001554,0.1890063999999256,0.0127104999992297,0.6111483573913574,0.0019874572753906,0.5,1.0,0.1666666666666666,0.5,False,False,0.5,1.0,0.1666666666666666,0.5,False,False
OK,easyocr_vi_en,ocr_L29_V004_02,L29_V004,1215,no_text,,ELT],ELT] Online Utat M7tost,0.0056510416666666,True,3.986056000001554,0.2334953999998106,0.1957020000008924,0.6111483573913574,0.00091552734375,1.0,1.0,1.0,1.0,False,False,1.0,1.0,1.0,1.0,False,False
OK,easyocr_vi_en,ocr_L29_V004_03,L29_V004,1335,no_text,,Onane,Onane,0.004453125,True,3.986056000001554,0.1615885999999591,0.1515655999974114,0.6111483573913574,0.0008392333984375,1.0,1.0,1.0,1.0,False,False,1.0,1.0,1.0,1.0,False,False
OK,easyocr_vi_en,ocr_L29_V004_04,L29_V004,2798,dynamic_overlay,Gác kèo,Gác kèo Ong,Gác kèo',0.5269960391911611,True,3.986056000001554,0.1872761999984504,0.0276997999972081,0.6111483573913574,0.0,0.5714285714285714,0.5,0.5714285714285714,0.5,False,False,0.1428571428571428,0.5,0.0,0.0,False,True
OK,easyocr_vi_en,ocr_L29_V004_05,L29_V004,6611,dynamic_overlay,ĐÔI MẮT MÊ KÔNG,MÉkoNG,"@ui INIV , MÉKoNG",0.8838015955601803,True,3.986056000001554,0.1975033000016992,0.038579000000027,0.6111483573913574,0.0016136169433593,0.8,1.0,0.7333333333333333,1.0,False,False,0.8,1.0,0.6,1.0,False,False
OK,easyocr_vi_en,ocr_L29_V004_06,L29_V004,8505,no_text,,EEV,EEV Online,0.0053776041666666,True,3.986056000001554,0.1675985000001674,0.1565961000014795,0.6111483573913574,0.0007362365722656,1.0,1.0,1.0,1.0,False,False,1.0,1.0,1.0,1.0,False,False
OK,easyocr_vi_en,ocr_L29_V004_07,L29_V004,12184,dynamic_overlay,ĐÔI MẮT MÊ KÔNG,MERoNG,@ôlMIT MÉ] Koncy,0.826479340455632,True,3.986056000001554,0.1970389999987674,0.0473868000008224,0.6111483573913574,0.0,0.8,1.0,0.8,1.0,False,False,0.7333333333333333,1.0,0.5333333333333333,1.0,False,False
OK,easyocr_vi_en,ocr_L29_V004_08,L29_V004,12420,dynamic_overlay,MẮT,MAT,MA,0.9157894736842104,True,3.986056000001554,0.198568100000557,0.0231931000016629,0.6111483573913574,0.0026931762695312,0.3333333333333333,1.0,0.3333333333333333,1.0,False,False,0.6666666666666666,1.0,0.6666666666666666,1.0,False,False
OK,easyocr_vi_en,ocr_L29_V004_09,L29_V004,15525,dynamic_overlay,ĐÔI MẮT MÊ KÔNG,MÉKONO,VUI MAV MÉkoN@,0.9651153508421808,True,3.986056000001554,0.1932720000004337,0.0268795999982103,0.6111483573913574,0.0019569396972656,0.8,1.0,0.8,1.0,False,False,0.6,1.0,0.5333333333333333,1.0,False,False
OK,easyocr_vi_en,ocr_L29_V004_10,L29_V004,21541,dynamic_overlay,MẮT,ĐỔI MAT,MAT,0.469601677148847,True,3.986056000001554,0.1845604999980423,0.0103417999998782,0.6111483573913574,3.814697265625e-06,1.6666666666666667,2.0,1.6666666666666667,2.0,False,False,0.3333333333333333,1.0,0.3333333333333333,1.0,False,False
OK,easyocr_vi_en,ocr_L29_V004_11,L29_V004,22823,no_text,,H77V,H77V Online,0.0053776041666666,True,3.986056000001554,0.1818883999985701,0.1829748000018298,0.6111483573913574,1.52587890625e-05,1.0,1.0,1.0,1.0,False,False,1.0,1.0,1.0,1.0,False,False
OK,easyocr_vi_en,ocr_L29_V004_12,L29_V004,25245,dynamic_overlay,Người gác kèo ong,Ngườỉ gác kèo @ng,Ngườỉ lác kèo Ong,1.0,True,3.986056000001554,0.2113774999997986,0.025413400002435,0.6111483573913574,0.0,0.1176470588235294,0.5,0.1176470588235294,0.5,False,False,0.1764705882352941,0.75,0.1176470588235294,0.5,False,False
OK,easyocr_vi_en,ocr_L29_V008_01,L29_V008,540,static_text,ĐÔI MẮT,ĐÔl MÁT,ĐÔl MÁT,0.9521206989454236,True,3.986056000001554,0.1853263000011793,0.0313243999989936,0.6111483573913574,0.0005683898925781,0.2857142857142857,1.0,0.2857142857142857,1.0,False,False,0.2857142857142857,1.0,0.2857142857142857,1.0,False,False
OK,easyocr_vi_en,ocr_L29_V008_02,L29_V008,1328,no_text,,HTV,HTV Online,0.0051128472222222,True,3.986056000001554,0.1684273999999277,0.165996299998369,0.6111483573913574,0.0008506774902343,1.0,1.0,1.0,1.0,False,False,1.0,1.0,1.0,1.0,False,False
OK,easyocr_vi_en,ocr_L29_V008_03,L29_V008,2625,dynamic_overlay,Làng tôm khô Rạch Gốc,Làng tôm khô Rạch Gốc,Làng tôm khô Rạch Gốc,0.9644823418826372,True,3.986056000001554,0.1930022999986249,0.0380995999985316,0.6111483573913574,0.0002212524414062,0.0,0.0,0.0,0.0,True,True,0.0,0.0,0.0,0.0,True,True
OK,easyocr_vi_en,ocr_L29_V008_04,L29_V008,5459,static_text,24898,24898 Is,04898,0.6704612309847463,True,3.986056000001554,0.1898583999973198,0.0286559000014676,0.6111483573913574,0.0010032653808593,0.6,1.0,0.6,1.0,False,False,0.2,1.0,0.2,1.0,False,False
OK,easyocr_vi_en,ocr_L29_V008_05,L29_V008,8640,static_text,TÀI,TêII,TÂII,0.9739956131298424,True,3.986056000001554,0.2729284000015468,0.0252906999994593,0.6111483573913574,0.001007080078125,0.6666666666666666,1.0,0.6666666666666666,1.0,False,False,0.6666666666666666,1.0,0.6666666666666666,1.0,False,False
OK,easyocr_vi_en,ocr_L29_V008_06,L29_V008,10935,dynamic_overlay,HOÀNG,[HOÀNG,HOÀNG |,0.9338931907313534,True,3.986056000001554,0.2872066000018094,0.0241110999995726,0.6111483573913574,0.0015106201171875,0.2,1.0,0.0,0.0,False,True,0.4,1.0,0.0,0.0,False,True
OK,easyocr_vi_en,ocr_L29_V008_07,L29_V008,14310,dynamic_overlay,Làng tôm khô Rạch Gốc,Làng tôm khô Rach Gốc,Làng tôm khô Rạch Gốc,1.0,True,3.986056000001554,0.2198242000013124,0.0327023999998346,0.6111483573913574,0.0023155212402343,0.0476190476190476,0.2,0.0476190476190476,0.2,False,False,0.0,0.0,0.0,0.0,True,True
OK,easyocr_vi_en,ocr_L29_V008_08,L29_V008,15390,dynamic_overlay,ĐÔI MẮT MÊ KÔNG,MBRond,MAT MBRong,1.0,True,3.986056000001554,0.2321901000032085,0.0266257000002951,0.6111483573913574,3.814697265625e-05,0.9333333333333332,1.0,0.8666666666666667,1.0,False,False,0.7333333333333333,1.0,0.6,1.0,False,False
OK,easyocr_vi_en,ocr_L29_V008_09,L29_V008,17820,dynamic_overlay,CM 28898,CM 28898,CM 28898,0.9913151252010556,True,3.986056000001554,0.182341700001416,0.027672000000166,0.6111483573913574,0.0020484924316406,0.0,0.0,0.0,0.0,True,True,0.0,0.0,0.0,0.0,True,True
OK,easyocr_vi_en,ocr_L29_V008_10,L29_V008,21330,dynamic_overlay,ĐÔI MẮT MÊ KÔNG,MÉkòN@,{@1 MATI MÉkoNg,0.6981214504150284,True,3.986056000001554,0.2000410000000556,0.0302961999987019,0.6111483573913574,0.0009918212890625,0.8666666666666667,1.0,0.8,1.0,False,False,0.6666666666666666,1.0,0.5333333333333333,1.0,False,False
OK,easyocr_vi_en,ocr_L29_V008_11,L29_V008,23625,dynamic_overlay,ĐÔI MẮT MÊ KÔNG,Mbone,MPMong,1.0,True,3.986056000001554,0.1784069000023009,0.0249508000015339,0.6111483573913574,0.0001602172851562,0.9333333333333332,1.0,0.8666666666666667,1.0,False,False,0.8666666666666667,1.0,0.7333333333333333,1.0,False,False
OK,easyocr_vi_en,ocr_L29_V008_12,L29_V008,26460,static_text,ĐÀI TRUYỀN HÌNH TP. HỒ CHÍ MINH,@ÀI TRUYÊN HHINH TP  HỔ @HI MINH,{ÀI TRUYÊN HINH TP  HỔ @HI MINH,0.9586578789694428,True,3.986056000001554,0.2132476000006136,0.0249934000021312,0.6111483573913574,0.0003242492675781,0.2580645161290322,0.8571428571428571,0.2333333333333333,0.7142857142857143,False,False,0.2258064516129032,0.8571428571428571,0.2,0.7142857142857143,False,False
OK,easyocr_vi_en,ocr_L29_V012_01,L29_V012,734,static_text,U MINH HẠ NATIONAL PARK,U MINH HA NATIONAL PARK,U MINH HA NATIONAL PARK,0.9317484662576688,True,3.986056000001554,0.3437741000016103,0.0352026999971712,0.6111483573913574,3.814697265625e-06,0.0434782608695652,0.2,0.0434782608695652,0.2,False,False,0.0434782608695652,0.2,0.0434782608695652,0.2,False,False
OK,easyocr_vi_en,ocr_L29_V012_02,L29_V012,1215,static_text,FuT,FuT,FuT,1.0,True,3.986056000001554,0.196352899998601,0.0125557999999728,0.6111483573913574,0.0011367797851562,0.0,0.0,0.0,0.0,True,True,0.0,0.0,0.0,0.0,True,True
OK,easyocr_vi_en,ocr_L29_V012_03,L29_V012,1285,no_text,,6aline,C Galine,0.00482421875,True,3.986056000001554,0.1800048000004608,0.1738202999986242,0.6111483573913574,0.0007209777832031,1.0,1.0,1.0,1.0,False,False,1.0,1.0,1.0,1.0,False,False
OK,easyocr_vi_en,ocr_L29_V012_04,L29_V012,2295,dynamic_overlay,Dẫn chương trình,Dẫn chưong trình,Dẫn chưong trình,1.0,True,3.986056000001554,0.2096842999999353,0.0305628999994951,0.6111483573913574,0.0001296997070312,0.0625,0.3333333333333333,0.0625,0.3333333333333333,False,False,0.0625,0.3333333333333333,0.0625,0.3333333333333333,False,False
OK,easyocr_vi_en,ocr_L29_V012_05,L29_V012,3915,dynamic_overlay,cổng cưới lá dừa,cuới lá dừa,cưới lá dừa,1.0,True,3.986056000001554,0.2410369999997783,0.0138800000022456,0.6111483573913574,0.0033721923828125,0.375,0.5,0.375,0.5,False,False,0.3125,0.25,0.3125,0.25,False,False
OK,easyocr_vi_en,ocr_L29_V012_06,L29_V012,6325,dynamic_overlay,ĐÔI MẮT MÊ KÔNG,MÉkoNG,UUINIAI MÉkONG,0.9465515738076554,True,3.986056000001554,0.1853931000005104,0.0274530999995477,0.6111483573913574,0.0007972717285156,0.8,1.0,0.7333333333333333,1.0,False,False,0.6666666666666666,1.0,0.6,1.0,False,False
OK,easyocr_vi_en,ocr_L29_V012_07,L29_V012,9793,dynamic_overlay,MEL,MFL,MEl,0.956125485769973,True,3.986056000001554,0.194520699998975,0.0116105999986757,0.6111483573913574,0.0005683898925781,0.3333333333333333,1.0,0.3333333333333333,1.0,False,False,0.3333333333333333,1.0,0.0,0.0,False,True
OK,easyocr_vi_en,ocr_L29_V012_08,L29_V012,11205,dynamic_overlay,ĐÔI MẮT MÊ KÔNG,MÉkONO,VuU MAV MÉkono,0.9895287958115184,True,3.986056000001554,0.1830098999998881,0.0265361999991,0.6111483573913574,0.0004920959472656,0.8666666666666667,1.0,0.8,1.0,False,False,0.7333333333333333,1.0,0.6,1.0,False,False
OK,easyocr_vi_en,ocr_L29_V012_09,L29_V012,16470,dynamic_overlay,ĐÔI MẮT,ĐÔI MAT,ĐÔI MAT,0.8721649484536083,True,3.986056000001554,0.1874186000022746,0.0109803000013926,0.6111483573913574,0.0,0.1428571428571428,0.5,0.1428571428571428,0.5,False,False,0.1428571428571428,0.5,0.1428571428571428,0.5,False,False
OK,easyocr_vi_en,ocr_L29_V012_10,L29_V012,19571,dynamic_overlay,ĐÔI MẮT MÊ KÔNG,MÉkoNo,@uU MAV MÉkono,0.964988885360432,True,3.986056000001554,0.1778501999979198,0.0365883000013127,0.6111483573913574,3.0517578125e-05,0.8666666666666667,1.0,0.8,1.0,False,False,0.7333333333333333,1.0,0.6,1.0,False,False
OK,easyocr_vi_en,ocr_L29_V012_11,L29_V012,22275,dynamic_overlay,ĐÔI MẮT,ĐÒl MAT,Đol MÁT,1.0,True,3.986056000001554,0.2303505000018049,0.0141908999976294,0.6111483573913574,3.814697265625e-06,0.4285714285714285,1.0,0.4285714285714285,1.0,False,False,0.4285714285714285,1.0,0.4285714285714285,1.0,False,False
OK,easyocr_vi_en,ocr_L29_V012_12,L29_V012,26325,static_text,TMT Group,TMT @roud,TMT @roud,1.0,True,3.986056000001554,0.2830807999998797,0.0275120000005699,0.6111483573913574,0.0,0.2222222222222222,0.5,0.2222222222222222,0.5,False,False,0.2222222222222222,0.5,0.2222222222222222,0.5,False,False
OK,easyocr_vi_en,ocr_L29_V014_01,L29_V014,540,static_text,ĐÔI MẮT,ĐÔl MÁT,ĐÔl MÁT,0.9523582203551652,True,3.986056000001554,0.177578299997549,0.0274108000012347,0.6111483573913574,0.0020637512207031,0.2857142857142857,1.0,0.2857142857142857,1.0,False,False,0.2857142857142857,1.0,0.2857142857142857,1.0,False,False
OK,easyocr_vi_en,ocr_L29_V014_02,L29_V014,1329,no_text,,,,0.0,False,3.986056000001554,0.1507721999987552,0.1434248999976262,0.6111483573913574,0.0005531311035156,0.0,0.0,0.0,0.0,True,True,0.0,0.0,0.0,0.0,True,True
OK,easyocr_vi_en,ocr_L29_V014_03,L29_V014,2371,dynamic_overlay,xã Nguyễn Phích,đan đát Nguyễn Phích,dan đát Nguyễn Phích,0.95301727201649,True,3.986056000001554,0.2390282999986084,0.0274391000020841,0.6111483573913574,0.0,0.4666666666666667,0.6666666666666666,0.4666666666666667,0.6666666666666666,False,False,0.4666666666666667,0.6666666666666666,0.4666666666666667,0.6666666666666666,False,False
OK,easyocr_vi_en,ocr_L29_V014_04,L29_V014,5535,dynamic_overlay,MẮT,@ôIMAT,MAT,0.5512377526858071,True,3.986056000001554,0.1790806999997585,0.0103237999974226,0.6111483573913574,0.0025558471679687,1.3333333333333333,1.0,1.0,1.0,False,False,0.3333333333333333,1.0,0.3333333333333333,1.0,False,False
OK,easyocr_vi_en,ocr_L29_V014_05,L29_V014,6345,dynamic_overlay,ĐÔI MẮT MÊ KÔNG,MÉkoNo,DuU MAV MÉkon@,0.8932245737801293,True,3.986056000001554,0.2014562000003934,0.0388083000034384,0.6111483573913574,6.103515625e-05,0.8666666666666667,1.0,0.8,1.0,False,False,0.7333333333333333,1.0,0.6,1.0,False,False
OK,easyocr_vi_en,ocr_L29_V014_06,L29_V014,8693,dynamic_overlay,ĐÔI MẮT MÊ KÔNG,MÉONO,DuU MAV _ MÉXoN@,0.9946524064171124,True,3.986056000001554,0.1889026000026206,0.027487999999721,0.6111483573913574,0.0001258850097656,0.8666666666666667,1.0,0.8666666666666667,1.0,False,False,0.8,1.0,0.8,1.0,False,False
OK,easyocr_vi_en,ocr_L29_V014_07,L29_V014,11205,dynamic_overlay,ĐÔI MẮT MÊ KÔNG,MÉKONG,Do MAI  MÉKOn@,0.9942975294901638,True,3.986056000001554,0.1821173999996972,0.0220468000006803,0.6111483573913574,7.62939453125e-06,0.7333333333333333,1.0,0.7333333333333333,1.0,False,False,0.7333333333333333,1.0,0.6,1.0,False,False
OK,easyocr_vi_en,ocr_L29_V014_08,L29_V014,14175,dynamic_overlay,ĐÔI MẮT MÊ KÔNG,MÉkon@,@UU MW MÉÌON@,0.9625390218522372,True,3.986056000001554,0.1870848999969894,0.0258400999991863,0.6111483573913574,6.103515625e-05,0.9333333333333332,1.0,0.8,1.0,False,False,0.6666666666666666,1.0,0.6666666666666666,1.0,False,False
OK,easyocr_vi_en,ocr_L29_V014_09,L29_V014,16026,dynamic_overlay,ĐÔI MẮT MÊ KÔNG,MEDONG,MEDONG,0.9466795928259816,True,3.986056000001554,0.1760773999994853,0.0148857999993197,0.6111483573913574,0.0,0.8,1.0,0.8,1.0,False,False,0.8,1.0,0.8,1.0,False,False
OK,easyocr_vi_en,ocr_L29_V014_10,L29_V014,19305,dynamic_overlay,ĐÔI MẮT,Dộl MA,Dội MAT,0.935374149659864,True,3.986056000001554,0.1799137999987579,0.0208965000019816,0.6111483573913574,0.0,0.7142857142857143,1.0,0.7142857142857143,1.0,False,False,0.5714285714285714,1.0,0.4285714285714285,1.0,False,False
OK,easyocr_vi_en,ocr_L29_V014_11,L29_V014,22680,dynamic_overlay,ĐÔI MẮT MÊ KÔNG,MEkono,DNun MÉkovo,1.0,True,3.986056000001554,0.1824425999984669,0.0309237000001303,0.6111483573913574,0.0,0.9333333333333332,1.0,0.8,1.0,False,False,0.8666666666666667,1.0,0.8,1.0,False,False
OK,easyocr_vi_en,ocr_L29_V014_12,L29_V014,25515,static_text,Hoài Nam,Hoài Nam,Hoàf Nam,0.9375,True,3.986056000001554,0.2952864999970188,0.0238226000001304,0.6111483573913574,0.0,0.0,0.0,0.0,0.0,True,True,0.125,0.5,0.125,0.5,False,False
