status,model_id,error,traceback,sample_id,video_id,frame_idx,text_type,reference,prediction_full,prediction_crop,iou,detected,load_time_sec,latency_full_sec,latency_crop_sec,vram_peak_gb,ram_delta_gb,cer_strict_full,wer_strict_full,cer_norm_full,wer_norm_full,exact_strict_full,exact_norm_full,cer_strict_crop,wer_strict_crop,cer_norm_crop,wer_norm_crop,exact_strict_crop,exact_norm_crop
FAILED,paddleocr_v5_mobile,"[WinError 127] The specified procedure could not be found. Error loading ""D:\Projects\AIC_2026_FirstDance\.venv\Lib\site-packages\paddle\..\nvidia\cudnn\bin\cudnn_cnn64_9.dll"" or one of its dependencies.","Traceback (most recent call last):
  File ""D:\Projects\AIC_2026_FirstDance\Benchmark OCR ASR\ocr_asr_benchmark\runners\ocr.py"", line 72, in run
    adapter = load_ocr_adapter(model_cfg)
              ^^^^^^^^^^^^^^^^^^^^^^^^^^^
  File ""D:\Projects\AIC_2026_FirstDance\Benchmark OCR ASR\ocr_asr_benchmark\model_loader.py"", line 253, in load_ocr_adapter
    return PaddleOCRAdapter(model_config['params'])
           ^^^^^^^^^^^^^^^^^^^^^^^^^^^^^^^^^^^^^^^^
  File ""D:\Projects\AIC_2026_FirstDance\Benchmark OCR ASR\ocr_asr_benchmark\model_loader.py"", line 42, in __init__
    _prepare_paddle_import()
  File ""D:\Projects\AIC_2026_FirstDance\Benchmark OCR ASR\ocr_asr_benchmark\model_loader.py"", line 31, in _prepare_paddle_import
    import paddle
  File ""D:\Projects\AIC_2026_FirstDance\.venv\Lib\site-packages\paddle\__init__.py"", line 893, in <module>
    raise err
OSError: [WinError 127] The specified procedure could not be found. Error loading ""D:\Projects\AIC_2026_FirstDance\.venv\Lib\site-packages\paddle\..\nvidia\cudnn\bin\cudnn_cnn64_9.dll"" or one of its dependencies.
",,,,,,,,,,,,,,,,,,,,,,,,,,
OK,easyocr_det_vietocr,,,ocr_L29_V001_01,L29_V001,705.0,static_text,CÀ MAU,CÀ MAU,CÀ MAU,0.9333333333333332,True,54.462457300000096,0.3216004999994766,0.0361601999975391,0.753654956817627,0.0085830688476562,0.0,0.0,0.0,0.0,True,True,0.0,0.0,0.0,0.0,True,True
OK,easyocr_vi_en,,,ocr_L29_V001_01,L29_V001,705.0,static_text,CÀ MAU,CÀMAU,CÀMAU,0.9333333333333332,True,2.657493999999133,0.185671999999613,0.0248403000005055,0.6111483573913574,0.0069961547851562,0.1666666666666666,1.0,0.1666666666666666,1.0,False,False,0.1666666666666666,1.0,0.1666666666666666,1.0,False,False
