L26_V435,1024
L26_V200,6493
L26_V200,6784
L26_V080,372
L26_V200,5760
L26_V079,6798
L26_V337,1280
L26_V430,6324
L26_V280,1152
L26_V289,1152
L26_V102,6176
L26_V377,1536
L26_V460,1536
L26_V302,896
L26_V131,384
L26_V079,372
L26_V102,384
L26_V460,1408
L26_V202,5288
L26_V337,6400
L26_V200,5730
L26_V323,1024
L26_V436,1280
L26_V419,1024
L26_V472,5808
L26_V079,6820
L26_V472,6076
L26_V015,7531
L26_V351,1280
L26_V202,7168
L26_V435,917
L26_V080,300
L26_V273,1280
L26_V015,7559
L26_V241,6401
L26_V337,6362
L26_V297,6912
L26_V192,384
L26_V200,7295
L26_V407,1149
L26_V377,6894
L26_V178,300
L26_V436,4736
L26_V296,1280
L26_V297,1149
L26_V472,5828
L26_V200,5106
L26_V102,6528
L26_V444,1152
L26_V211,5963
L26_V078,6858
L26_V407,6912
L26_V153,384
L26_V436,4725
L26_V460,1367
L26_V337,6308
L26_V202,5504
L26_V202,6784
L26_V407,6528
L26_V400,5628
L26_V407,1152
L26_V407,6788
L26_V214,1024
L26_V297,1152
L26_V137,384
L26_V233,5212
L26_V492,6602
L26_V373,6016
L26_V102,6144
L26_V249,1152
L26_V435,6656
L26_V460,6016
L26_V302,1664
L26_V233,4238
L26_V419,4680
L26_V400,5632
L26_V302,5830
L26_V301,2048
L26_V017,607
L26_V472,6058
L26_V079,6944
L22_V011,15033
L26_V297,6144
L26_V211,5796
L26_V407,6400
L26_V200,4738
L26_V233,5248
L26_V200,4480
L26_V337,6395
L26_V102,6272
L26_V407,6470
L26_V243,6956
L26_V149,701
L26_V200,5120
L26_V200,6528
L26_V080,6784
L26_V233,384
L26_V243,5632
L26_V039,5572
L26_V202,5389
