L27_V010,5535,"Hỏa hồng Nhật Tảo oanh thiên địa, Kiếm bạt Kiên Giang khấp quỷ thần"
L27_V010,5474,"Hỏa hồng Nhật Tảo oanh thiên địa, Kiếm bạt Kiên Giang khấp quỷ thần"
L27_V010,5597,"Hỏa hồng Nhật Tảo oanh thiên địa, Kiếm bạt Kiên Giang khấp quỷ thần"
L27_V010,5405,"Hỏa hồng Nhật Tảo oanh thiên địa, Kiếm bạt Kiên Giang khấp quỷ thần"
L27_V010,5400,"Hỏa hồng Nhật Tảo oanh thiên địa, Kiếm bạt Kiên Giang khấp quỷ thần"
L27_V010,5670,"Hỏa hồng Nhật Tảo oanh thiên địa, Kiếm bạt Kiên Giang khấp quỷ thần"
L27_V010,5695,"Hỏa hồng Nhật Tảo oanh thiên địa, Kiếm bạt Kiên Giang khấp quỷ thần"
L27_V010,5342,"Hỏa hồng Nhật Tảo oanh thiên địa, Kiếm bạt Kiên Giang khấp quỷ thần"
L27_V010,5751,"Hỏa hồng Nhật Tảo oanh thiên địa, Kiếm bạt Kiên Giang khấp quỷ thần"
L27_V010,5267,"Hỏa hồng Nhật Tảo oanh thiên địa, Kiếm bạt Kiên Giang khấp quỷ thần"
L27_V010,5805,"Hỏa hồng Nhật Tảo oanh thiên địa, Kiếm bạt Kiên Giang khấp quỷ thần"
L27_V010,3943,"Hỏa hồng Nhật Tảo oanh thiên địa, Kiếm bạt Kiên Giang khấp quỷ thần"
L27_V010,8145,"Hỏa hồng Nhật Tảo oanh thiên địa, Kiếm bạt Kiên Giang khấp quỷ thần"
L28_V020,7695,"Hỏa hồng Nhật Tảo oanh thiên địa, Kiếm bạt Kiên Giang khấp quỷ thần"
L27_V010,6345,"Hỏa hồng Nhật Tảo oanh thiên địa, Kiếm bạt Kiên Giang khấp quỷ thần"
L27_V010,6172,"Hỏa hồng Nhật Tảo oanh thiên địa, Kiếm bạt Kiên Giang khấp quỷ thần"
L27_V010,8235,"Hỏa hồng Nhật Tảo oanh thiên địa, Kiếm bạt Kiên Giang khấp quỷ thần"
L27_V010,6210,"Hỏa hồng Nhật Tảo oanh thiên địa, Kiếm bạt Kiên Giang khấp quỷ thần"
L27_V010,8775,"Hỏa hồng Nhật Tảo oanh thiên địa, Kiếm bạt Kiên Giang khấp quỷ thần"
L22_V019,17624,"Hỏa hồng Nhật Tảo oanh thiên địa, Kiếm bạt Kiên Giang khấp quỷ thần"
L27_V010,832,"Hỏa hồng Nhật Tảo oanh thiên địa, Kiếm bạt Kiên Giang khấp quỷ thần"
L22_V016,2088,"Hỏa hồng Nhật Tảo oanh thiên địa, Kiếm bạt Kiên Giang khấp quỷ thần"
L28_V007,667,"Hỏa hồng Nhật Tảo oanh thiên địa, Kiếm bạt Kiên Giang khấp quỷ thần"
L28_V021,743,"Hỏa hồng Nhật Tảo oanh thiên địa, Kiếm bạt Kiên Giang khấp quỷ thần"
L21_V010,4950,"Hỏa hồng Nhật Tảo oanh thiên địa, Kiếm bạt Kiên Giang khấp quỷ thần"
L28_V001,20385,"Hỏa hồng Nhật Tảo oanh thiên địa, Kiếm bạt Kiên Giang khấp quỷ thần"
L28_V016,589,"Hỏa hồng Nhật Tảo oanh thiên địa, Kiếm bạt Kiên Giang khấp quỷ thần"
L27_V010,8721,"Hỏa hồng Nhật Tảo oanh thiên địa, Kiếm bạt Kiên Giang khấp quỷ thần"
L28_V010,550,"Hỏa hồng Nhật Tảo oanh thiên địa, Kiếm bạt Kiên Giang khấp quỷ thần"
L28_V003,667,"Hỏa hồng Nhật Tảo oanh thiên địa, Kiếm bạt Kiên Giang khấp quỷ thần"
L21_V015,30767,"Hỏa hồng Nhật Tảo oanh thiên địa, Kiếm bạt Kiên Giang khấp quỷ thần"
L28_V012,590,"Hỏa hồng Nhật Tảo oanh thiên địa, Kiếm bạt Kiên Giang khấp quỷ thần"
L28_V024,729,"Hỏa hồng Nhật Tảo oanh thiên địa, Kiếm bạt Kiên Giang khấp quỷ thần"
L28_V012,1855,"Hỏa hồng Nhật Tảo oanh thiên địa, Kiếm bạt Kiên Giang khấp quỷ thần"
L22_V023,5604,"Hỏa hồng Nhật Tảo oanh thiên địa, Kiếm bạt Kiên Giang khấp quỷ thần"
L30_V076,3226,"Hỏa hồng Nhật Tảo oanh thiên địa, Kiếm bạt Kiên Giang khấp quỷ thần"
L30_V076,3202,"Hỏa hồng Nhật Tảo oanh thiên địa, Kiếm bạt Kiên Giang khấp quỷ thần"
L30_V096,290,"Hỏa hồng Nhật Tảo oanh thiên địa, Kiếm bạt Kiên Giang khấp quỷ thần"
L27_V010,8781,"Hỏa hồng Nhật Tảo oanh thiên địa, Kiếm bạt Kiên Giang khấp quỷ thần"
L28_V008,728,"Hỏa hồng Nhật Tảo oanh thiên địa, Kiếm bạt Kiên Giang khấp quỷ thần"
L27_V010,7531,"Hỏa hồng Nhật Tảo oanh thiên địa, Kiếm bạt Kiên Giang khấp quỷ thần"
L29_V007,4969,"Hỏa hồng Nhật Tảo oanh thiên địa, Kiếm bạt Kiên Giang khấp quỷ thần"
L22_V019,18795,"Hỏa hồng Nhật Tảo oanh thiên địa, Kiếm bạt Kiên Giang khấp quỷ thần"
L28_V001,20520,"Hỏa hồng Nhật Tảo oanh thiên địa, Kiếm bạt Kiên Giang khấp quỷ thần"
L28_V008,729,"Hỏa hồng Nhật Tảo oanh thiên địa, Kiếm bạt Kiên Giang khấp quỷ thần"
L27_V010,4805,"Hỏa hồng Nhật Tảo oanh thiên địa, Kiếm bạt Kiên Giang khấp quỷ thần"
L22_V001,462,"Hỏa hồng Nhật Tảo oanh thiên địa, Kiếm bạt Kiên Giang khấp quỷ thần"
L28_V012,17713,"Hỏa hồng Nhật Tảo oanh thiên địa, Kiếm bạt Kiên Giang khấp quỷ thần"
L28_V010,155,"Hỏa hồng Nhật Tảo oanh thiên địa, Kiếm bạt Kiên Giang khấp quỷ thần"
L22_V001,2010,"Hỏa hồng Nhật Tảo oanh thiên địa, Kiếm bạt Kiên Giang khấp quỷ thần"
L29_V007,19575,"Hỏa hồng Nhật Tảo oanh thiên địa, Kiếm bạt Kiên Giang khấp quỷ thần"
L28_V018,589,"Hỏa hồng Nhật Tảo oanh thiên địa, Kiếm bạt Kiên Giang khấp quỷ thần"
L28_V016,135,"Hỏa hồng Nhật Tảo oanh thiên địa, Kiếm bạt Kiên Giang khấp quỷ thần"
L27_V010,944,"Hỏa hồng Nhật Tảo oanh thiên địa, Kiếm bạt Kiên Giang khấp quỷ thần"
L28_V013,729,"Hỏa hồng Nhật Tảo oanh thiên địa, Kiếm bạt Kiên Giang khấp quỷ thần"
L28_V017,135,"Hỏa hồng Nhật Tảo oanh thiên địa, Kiếm bạt Kiên Giang khấp quỷ thần"
L27_V003,13769,"Hỏa hồng Nhật Tảo oanh thiên địa, Kiếm bạt Kiên Giang khấp quỷ thần"
L21_V012,9723,"Hỏa hồng Nhật Tảo oanh thiên địa, Kiếm bạt Kiên Giang khấp quỷ thần"
L27_V001,3915,"Hỏa hồng Nhật Tảo oanh thiên địa, Kiếm bạt Kiên Giang khấp quỷ thần"
L28_V002,328,"Hỏa hồng Nhật Tảo oanh thiên địa, Kiếm bạt Kiên Giang khấp quỷ thần"
L28_V012,22843,"Hỏa hồng Nhật Tảo oanh thiên địa, Kiếm bạt Kiên Giang khấp quỷ thần"
L28_V002,8640,"Hỏa hồng Nhật Tảo oanh thiên địa, Kiếm bạt Kiên Giang khấp quỷ thần"
L22_V018,35427,"Hỏa hồng Nhật Tảo oanh thiên địa, Kiếm bạt Kiên Giang khấp quỷ thần"
L27_V010,4350,"Hỏa hồng Nhật Tảo oanh thiên địa, Kiếm bạt Kiên Giang khấp quỷ thần"
L28_V016,337,"Hỏa hồng Nhật Tảo oanh thiên địa, Kiếm bạt Kiên Giang khấp quỷ thần"
L22_V004,7250,"Hỏa hồng Nhật Tảo oanh thiên địa, Kiếm bạt Kiên Giang khấp quỷ thần"
L28_V007,13982,"Hỏa hồng Nhật Tảo oanh thiên địa, Kiếm bạt Kiên Giang khấp quỷ thần"
L29_V015,703,"Hỏa hồng Nhật Tảo oanh thiên địa, Kiếm bạt Kiên Giang khấp quỷ thần"
L22_V011,15125,"Hỏa hồng Nhật Tảo oanh thiên địa, Kiếm bạt Kiên Giang khấp quỷ thần"
L27_V007,6884,"Hỏa hồng Nhật Tảo oanh thiên địa, Kiếm bạt Kiên Giang khấp quỷ thần"
L28_V018,337,"Hỏa hồng Nhật Tảo oanh thiên địa, Kiếm bạt Kiên Giang khấp quỷ thần"
L29_V010,2748,"Hỏa hồng Nhật Tảo oanh thiên địa, Kiếm bạt Kiên Giang khấp quỷ thần"
L21_V001,2217,"Hỏa hồng Nhật Tảo oanh thiên địa, Kiếm bạt Kiên Giang khấp quỷ thần"
L21_V028,10935,"Hỏa hồng Nhật Tảo oanh thiên địa, Kiếm bạt Kiên Giang khấp quỷ thần"
L28_V012,17890,"Hỏa hồng Nhật Tảo oanh thiên địa, Kiếm bạt Kiên Giang khấp quỷ thần"
L22_V009,23160,"Hỏa hồng Nhật Tảo oanh thiên địa, Kiếm bạt Kiên Giang khấp quỷ thần"
L27_V009,14175,"Hỏa hồng Nhật Tảo oanh thiên địa, Kiếm bạt Kiên Giang khấp quỷ thần"
L29_V019,703,"Hỏa hồng Nhật Tảo oanh thiên địa, Kiếm bạt Kiên Giang khấp quỷ thần"
L28_V015,263,"Hỏa hồng Nhật Tảo oanh thiên địa, Kiếm bạt Kiên Giang khấp quỷ thần"
L28_V020,491,"Hỏa hồng Nhật Tảo oanh thiên địa, Kiếm bạt Kiên Giang khấp quỷ thần"
L27_V008,810,"Hỏa hồng Nhật Tảo oanh thiên địa, Kiếm bạt Kiên Giang khấp quỷ thần"
L28_V004,667,"Hỏa hồng Nhật Tảo oanh thiên địa, Kiếm bạt Kiên Giang khấp quỷ thần"
L22_V016,2500,"Hỏa hồng Nhật Tảo oanh thiên địa, Kiếm bạt Kiên Giang khấp quỷ thần"
L28_V010,298,"Hỏa hồng Nhật Tảo oanh thiên địa, Kiếm bạt Kiên Giang khấp quỷ thần"
L29_V010,2835,"Hỏa hồng Nhật Tảo oanh thiên địa, Kiếm bạt Kiên Giang khấp quỷ thần"
L28_V017,337,"Hỏa hồng Nhật Tảo oanh thiên địa, Kiếm bạt Kiên Giang khấp quỷ thần"
L30_V045,508,"Hỏa hồng Nhật Tảo oanh thiên địa, Kiếm bạt Kiên Giang khấp quỷ thần"
L30_V074,6042,"Hỏa hồng Nhật Tảo oanh thiên địa, Kiếm bạt Kiên Giang khấp quỷ thần"
L28_V017,589,"Hỏa hồng Nhật Tảo oanh thiên địa, Kiếm bạt Kiên Giang khấp quỷ thần"
L29_V007,5428,"Hỏa hồng Nhật Tảo oanh thiên địa, Kiếm bạt Kiên Giang khấp quỷ thần"
L28_V013,728,"Hỏa hồng Nhật Tảo oanh thiên địa, Kiếm bạt Kiên Giang khấp quỷ thần"
L28_V020,7559,"Hỏa hồng Nhật Tảo oanh thiên địa, Kiếm bạt Kiên Giang khấp quỷ thần"
L28_V015,743,"Hỏa hồng Nhật Tảo oanh thiên địa, Kiếm bạt Kiên Giang khấp quỷ thần"
L29_V011,703,"Hỏa hồng Nhật Tảo oanh thiên địa, Kiếm bạt Kiên Giang khấp quỷ thần"
L28_V018,16172,"Hỏa hồng Nhật Tảo oanh thiên địa, Kiếm bạt Kiên Giang khấp quỷ thần"
L22_V003,9150,"Hỏa hồng Nhật Tảo oanh thiên địa, Kiếm bạt Kiên Giang khấp quỷ thần"
L28_V004,15063,"Hỏa hồng Nhật Tảo oanh thiên địa, Kiếm bạt Kiên Giang khấp quỷ thần"
L28_V012,135,"Hỏa hồng Nhật Tảo oanh thiên địa, Kiếm bạt Kiên Giang khấp quỷ thần"
L26_V136,2688,"Hỏa hồng Nhật Tảo oanh thiên địa, Kiếm bạt Kiên Giang khấp quỷ thần"
L29_V007,14216,"Hỏa hồng Nhật Tảo oanh thiên địa, Kiếm bạt Kiên Giang khấp quỷ thần"
