status,model_id,error,traceback
FAILED,paddleocr_v5_mobile,"[WinError 127] The specified procedure could not be found. Error loading ""D:\Projects\AIC_2026_FirstDance\.venv\Lib\site-packages\paddle\..\nvidia\cudnn\bin\cudnn_cnn64_9.dll"" or one of its dependencies.","Traceback (most recent call last):
  File ""D:\Projects\AIC_2026_FirstDance\Benchmark OCR ASR\ocr_asr_benchmark\runners\ocr.py"", line 72, in run
    adapter = load_ocr_adapter(model_cfg)
              ^^^^^^^^^^^^^^^^^^^^^^^^^^^
  File ""D:\Projects\AIC_2026_FirstDance\Benchmark OCR ASR\ocr_asr_benchmark\model_loader.py"", line 253, in load_ocr_adapter
    return PaddleOCRAdapter(model_config['params'])
           ^^^^^^^^^^^^^^^^^^^^^^^^^^^^^^^^^^^^^^^^
  File ""D:\Projects\AIC_2026_FirstDance\Benchmark OCR ASR\ocr_asr_benchmark\model_loader.py"", line 42, in __init__
    _prepare_paddle_import()
  File ""D:\Projects\AIC_2026_FirstDance\Benchmark OCR ASR\ocr_asr_benchmark\model_loader.py"", line 31, in _prepare_paddle_import
    import paddle
  File ""D:\Projects\AIC_2026_FirstDance\.venv\Lib\site-packages\paddle\__init__.py"", line 893, in <module>
    raise err
OSError: [WinError 127] The specified procedure could not be found. Error loading ""D:\Projects\AIC_2026_FirstDance\.venv\Lib\site-packages\paddle\..\nvidia\cudnn\bin\cudnn_cnn64_9.dll"" or one of its dependencies.
"
